<module>
	<rawname>dynroute</rawname>
	<repo>standard</repo>
	<name>Dynamic Routes</name>
	<version>13.0.5</version>
	<publisher>John Fawcett</publisher>
	<license>GPLv3+</license>
	<licenselink>http://www.gnu.org/licenses/gpl-3.0.txt</licenselink>
	<category>Applications</category>
	<description>
		Routes calls based on dynamically calculated information that can be taken from a mysql database or via odbc with any supported database, from asterisk variables, from a url or an agi script.
 		Parameters to the lookups can combine dtmf input, asterisk variables, or values saved from previously executed dynamic routes on the same call.
	</description>
	<changelog>
		See CHANGES.txt file in module directory for full details.
		*13.0.5* Database schema change for compatibility with Freepbx 14 beta release
		*13.0.4* Compatible with Freepbx 13.0.79 stable release
		*13.0.3* Fixes error with saving destination
		*13.0.1* Updated release for Freepbx 13 including automatic upgrade from 2.X releases
		*13.0.0* First release for Freepbx 13
		*2.11.4.0* Validation capability, bug fix
		*2.11.3.2* Bug fix
		*2.11.3.1* Bug fix
		*2.11.3.0* Asterisk variable source type
		*2.11.2.0* AGI support
		*2.11.1.0* Web service support
		*2.11.0.0* ODBC support, popover compatibility, GUI cleanup, Updated Italian, Dutch translations
		*2.10.0.2* Bug fix for db server name that was not saved, cleanups, dutch translations
		*2.10.0.1* Security: prevent scripts from being called directly.
		Updated uninstall from sql to php script, cosmetic and tooltip corrections.
		*2.10.0.0* Only update is to change Category to be compatible with new menu categories (now under Applications instead of Inbound Call Control)
		*2.8.0.0* Added ability to get dtmf input (with optional announcement) and storage of input and/or sql result in channel variables for use in further dynamic routes or custom extensions.
		*2.6.0.2* First Release
	</changelog>
	<depends>
		<version>13.0.0</version>
		<module>recordings</module>
	</depends>
	<menuitems>
		<dynroute>Dynamic Routes</dynroute>
	</menuitems>
	<popovers>
		<dynroute>
			<display>dynroute</display>
			<action>add</action>
			<view>form</view>
		</dynroute>
 	</popovers>
 	<supported>
 		<version>13.0</version>
 	</supported>
	<location>release/13/dynroute-13.0.5.tgz</location>
	<md5sum>57d8316dc41fcd3153cefd00a5e3bdd5</md5sum>
</module>
